23.06 - 21:00,Friendly,HC Jelgava Stars,['team_id=42152'],4:1,['match_id=897060599'],FireStorm,['team_id=10056']
Tactical points offense 5 defense 5,00:00,
"Francis Taukulis - 1:0 (Niks Silmacis, Staņislavs Bullītis)",03:09,
penalty player - Edmunds Bambergs4 on 5,08:04,
Tactical points offense 5 defense 5,20:00,
Lucas McDonald - 2:0 (perfect pass Juris Norītis),20:16,
,27:00,penalty player - 4 on 5
"Lucas McDonald - 3:0 PPrebound(poor pass Edmunds Bambergs, Jurģis Nagrebis)",28:04,
penalty player - Raimonds Ķiploks4 on 5,29:04,
penalty player - Osvalds Jākabsons4 on 5,34:07,
Tactical points offense 5 defense 5,40:00,
penalty player - Edmunds Bambergs4 on 5,52:09,
,52:41,"Max Miilunpohja - 3:1 PPrebound(poor pass Panu Paukkonen, Kristian Uusitupa)"
Raimonds Ķiploks - 4:1 rebound(genius pass Juris Norītis),57:05,
24.06 - 22:00,Friendly,Lakeside Hoppers,['team_id=39343'],5:2,['match_id=897060558'],HC Jelgava Stars,['team_id=42152']
,00:00,Tactical points offense 5 defense 5
,04:00,penalty player - Juris Norītis4 on 5
"Egor Dzhavadov - 1:0 Counter-attacks(Adam Prachkovskiy, Daumants Latvis)",06:03,
penalty player - Josef Široký4 on 5,09:01,
"Josef Široký - 2:0 (Tobias Vester, Vladimír Pisarčík)",12:47,
,15:00,penalty player - Staņislavs Bullītis4 on 5
penalty player - Adam Prachkovskiy4 on 5,18:03,
,20:00,Tactical points offense 5 defense 5
Egor Dzhavadov - 3:0 (Daumants Latvis),22:12,
penalty player - Tibor Stodola4 on 5,23:56,
,24:31,Cyrille Boulanger - 3:1 PPrebound(unassisted)
,28:48,"Vasile Halip - 3:2 (poor pass Atis Zilgalvis, Jurģis Nagrebis)"
Pulling the goalie,30:37,
,33:20,penalty player - Juris Norītis4 on 5
"Egor Dzhavadov - 4:2 PP (Adam Prachkovskiy, Uģis Ciguļevs)",33:29,
,33:29,Pulling the goalie
,36:10,penalty player - Bohuslav Kotrba4 on 5
,40:00,Tactical points offense 5 defense 5
penalty player - Adam Prachkovskiy4 on 5,42:01,
,48:08,penalty player - Alberts Timanovskis4 on 5
penalty player - Josef Široký4 on 5,51:06,
Uģis Ciguļevs - 5:2 (genius pass Vladimír Pisarčík),55:14,
25.06 - 21:00,League 1.round,HC #Dinamo Riga#,['team_id=7903'],3:5,['match_id=897112194'],HC Jelgava Stars,['team_id=42152']
,00:00,Tactical points offense 5 defense 5
Freddie Gustafsson - 1:0 (excellent pass Nikolay Kukin),02:05,
,02:41,Pulling the goalie
penalty player - Jesse Rasinpuro4 on 5,06:37,
penalty player - Jorma Laurell4 on 5,10:39,
penalty player - 4 on 5,14:53,
,17:29,"Francis Taukulis - 1:1 (Dennis Ivarsson, Bohuslav Kotrba)"
,20:00,Tactical points offense 5 defense 5
,23:39,"Francis Taukulis - 1:2 (Dennis Ivarsson, Staņislavs Bullītis)"
"Piotr Głąb - 2:2 Counter-attacks(genius pass Vidar Myrvold, )",28:09,
,39:18,Francis Taukulis - 2:3 (Dennis Ivarsson)
penalty player - Jorma Laurell4 on 5,39:33,
,40:00,Tactical points offense 5 defense 5
penalty player - Viesturs Japiņš4 on 5,44:11,
penalty player - Alfonso Bouzas4 on 5,50:51,
,50:56,Dennis Ivarsson - 2:4 PP(genius pass Bohuslav Kotrba)
,54:27,"Folmer Toft - 2:5 Counter-attacks, rebound(Mário Iván)"
penalty player - Tobias Maďar4 on 5,56:19,
"Piotr Głąb - 3:5 Counter-attacks(perfect pass Alfonso Bouzas, )",58:31,
26.06 - 21:00,League 2.round,HC Jelgava Stars,['team_id=42152'],4:2,['match_id=897112204'],Rozetes,['team_id=20386']
Tactical points offense 5 defense 5,00:00,
Cyrille Boulanger - 1:0 (neat pass Petr Pozhnikov),01:03,
"Francis Taukulis - 2:0 (Bohuslav Kotrba, Dennis Ivarsson)",19:05,
,19:25,"Vilis Andžāns - 2:1 Short passes(genius pass Normunds Grūbe, Kaspars Engurs)"
Pulling the goalie,20:00,
,20:00,Aggressiveness -1
Tactical points offense 5 defense 5,20:00,
,21:22,Andris Kazainis - 2:2 (average pass Viesturs Ābols)
Petr Pozhnikov - 3:2 (perfect pass Cyrille Boulanger),25:13,
,26:01,penalty player - Agnis Durdins4 on 5
,29:01,penalty player - Vilis Andžāns4 on 5
,29:54,penalty player - Agnis Durdins3 on 5
Tactical points offense 5 defense 5,40:00,
,41:02,penalty player - Alexander Lenniger4 on 5
,44:03,penalty player - Agnis Durdins4 on 5
penalty player - Atis Zilgalvis4 on 5,48:03,
,48:48,penalty player - Elias Wiklund4 on 4
penalty player - Alberts Timanovskis4 on 5,52:44,
Francis Taukulis - 4:2 (Dennis Ivarsson),56:08,
27.06 - 21:00,National cup,HK Leģionāri,['team_id=14228'],9:2,['match_id=897225308'],HC Jelgava Stars,['team_id=42152']
,00:00,Tactical points offense 5 defense 5
,01:01,penalty player - Edgars Miķelsons4 on 5
,04:59,penalty player - Dennis Ivarsson4 on 5
penalty player - Jānis Pūķītis4 on 5,07:58,
,13:58,penalty player - Juris Norītis4 on 5
"Vitolds Ezerietis - 1:0 Counter-attacks(genius pass Richard Plachý, Frane Merle)",19:17,
,19:19,"Staņislavs Bullītis - 1:1 Behind the net(Bohuslav Kotrba, Dennis Ivarsson)"
,20:00,penalty player - Atis Zilgalvis4 on 5
,20:00,Pulling the goalie
,20:00,Tactical points offense 5 defense 5
penalty player - 4 on 4,20:20,
Rodrigo Bergmanis - 2:1 rebound(perfect pass Jānis Pūķītis),20:32,
,20:50,Aggressiveness +1
 - 3:1 Counter-attacks(unassisted),23:21,
,24:21,penalty player - Dzidris Skrastiņš4 on 5
"Chad Oliver - 4:1 PP(Jan Bartnicki, Jānis Pūķītis)",24:29,
,24:29,Goalie has temporarily lost his confidence in himself
penalty player - Paavo Runtti4 on 5,27:26,
,30:26,penalty player - Folmer Toft4 on 5
penalty player - Vasilijs Billerts4 on 5,36:25,
,36:29,"Folmer Toft - 4:2 PP(Ilya Tonkonogov, Dennis Ivarsson)"
"Vasilijs Billerts - 5:2 Counter-attacks(excellent pass Jānis Griezis, Nauris Baltiņš)",36:55,
,38:29,Ice time distribution 65/55/45/35
,40:00,Tactical points offense 5 defense 5
Rodrigo Bergmanis - 6:2 Counter-attacks(perfect pass Chad Oliver),40:29,
,42:45,penalty player - Staņislavs Bullītis4 on 5
Rodrigo Bergmanis - 7:2 PP(perfect pass Jānis Pūķītis),42:47,
,44:24,penalty player - Uvis Vakseris4 on 5
penalty player - Rodrigo Bergmanis4 on 4,45:16,
,51:32,penalty player - Alberts Timanovskis4 on 5
"Chad Oliver - 8:2 PP(genius pass Rodrigo Bergmanis, Jānis Pūķītis)",52:41,
Jan Bartnicki - 9:2 Counter-attacks(unassisted),56:54,
28.06 - 21:00,League 3.round,Silikātu ledlauži,['team_id=22517'],0:1,['match_id=897112228'],HC Jelgava Stars,['team_id=42152']
,00:00,Tactical points offense 5 defense 5
penalty player - 4 on 5,08:54,
penalty player - 4 on 5,14:52,
,20:00,Tactical points offense 5 defense 5
penalty player - 4 on 5,22:02,
,25:54,penalty player - Staņislavs Bullītis4 on 5
,31:41,penalty player - Dennis Ivarsson4 on 5
penalty player - 4 on 5,39:09,
,40:00,Aggressiveness +1
,40:00,Tactical points offense 5 defense 5
,40:34,penalty player - Folmer Toft4 on 4
,40:39,"Vladimirs Znotiņš - 0:1 (genius pass Juris Norītis, Ilya Tonkonogov)"
,44:25,penalty player - Dzidris Skrastiņš4 on 5
,48:42,penalty player - Edgars Miķelsons4 on 5
penalty player - Maksim  Motsny4 on 5,54:00,
penalty player - Tomáš Horák4 on 5,57:41,
penalty player - 3 on 5,57:58,
29.06 - 21:00,League 4.round,HC Jelgava Stars,['team_id=42152'],4:0,['match_id=897112234'],ZibensX,['team_id=43025']
Tactical points offense 5 defense 5,00:00,
,01:02,penalty player - Agnis Ķēniņš4 on 5
,04:04,penalty player - Edžus Brūklenis4 on 5
Vasile Halip - 1:0 PP (unassisted),04:11,
,05:09,penalty player - Elmārs Rostovskis4 on 5
Staņislavs Bullītis - 2:0 (genius pass Dennis Ivarsson),07:20,
Cyrille Boulanger - 3:0 (Edgars Miķelsons),17:41,
penalty player - Juris Norītis4 on 5,20:00,
Tactical points offense 5 defense 5,20:00,
penalty player - Vladimirs Znotiņš3 on 5,20:26,
,24:27,penalty player - 4 on 5
Maigonis Ušackis - 4:0 PP(neat pass Petr Pozhnikov),26:06,
,31:04,penalty player - Edžus Brūklenis4 on 5
,32:19,penalty player - Silvis Zaķis3 on 5
,37:20,penalty player - Aigars Dzejnieks4 on 5
Tactical points offense 5 defense 5,40:00,
,59:07,penalty player - Atis Brūklenis4 on 5
30.06 - 22:00,Friendly,C.S IceRabbits Napoca,['team_id=24755'],0:6,['match_id=897228938'],HC Jelgava Stars,['team_id=42152']
,00:00,Tactical points offense 5 defense 5
penalty player - Paul Buscan4 on 5,03:03,
,11:04,penalty player - Juris Norītis4 on 5
,14:16,Joshua Adams - 0:1 (unassisted)
,20:00,Tactical points offense 5 defense 5
penalty player - Marian Ilionescu4 on 5,22:58,
,24:09,Atis Zilgalvis - 0:2 PP (Jurģis Nagrebis)
,33:39,Paul Leroy - 0:3 (perfect pass Ilya Tonkonogov)
,35:14,"Vladimirs Znotiņš - 0:4 (neat pass Andris Kraulis, Hubert Sládek)"
penalty player - Mircea Olteanu4 on 5,38:12,
,39:19,Atis Zilgalvis - 0:5 PP(excellent pass Jurģis Nagrebis)
Goalie has temporarily lost his confidence in himself,39:19,
,40:00,Tactical points offense 5 defense 5
penalty player - Rareş Simionescu4 on 5,43:59,
,47:00,penalty player - Andris Kraulis4 on 5
,47:23,penalty player - Edgars Miķelsons3 on 5
,53:43,Jurģis Nagrebis - 0:6 (genius pass Juris Norītis)
,56:26,penalty player - Atis Zilgalvis4 on 5
01.07 - 22:00,Friendly,C.S IceRabbits Napoca,['team_id=24755'],3:1,['match_id=897228939'],HC Jelgava Stars,['team_id=42152']
,00:00,Tactical points offense 5 defense 5
,06:42,penalty player - Edmunds Bambergs4 on 5
penalty player - Cätälin Balitiu4 on 5,13:01,
Grigore Piţa - 1:0 (unassisted),15:05,
,20:00,Tactical points offense 5 defense 5
,26:02,penalty player - Andris Kraulis4 on 5
Aurel Pîrvu - 2:0 (genius pass Codrin Pătru),38:43,
,39:10,Pulling the goalie
,40:00,Tactical points offense 5 defense 5
penalty player - Cätälin Balitiu4 on 5,43:05,
,44:47,Atis Zilgalvis - 2:1 PP(poor pass Andris Kraulis)
"Florin Şerban - 3:1 (Codrin Pătru, Cätälin Balitiu)",50:59,
,52:48,penalty player - Osvalds Jākabsons4 on 5
02.07 - 21:00,League 5.round,HC Anaheim,['team_id=19579'],8:2,['match_id=897112262'],HC Jelgava Stars,['team_id=42152']
,00:00,Tactical points offense 5 defense 5
Tactical points offense 4 defense 6,00:00,
,06:09,penalty player - Folmer Toft4 on 5
"Mārtiņš Engurs - 1:0 PPrebound(genius pass Hannu Kalaja, Rolands Zālītis)",07:47,
,07:47,Pulling the goalie
Vjačeslavs Pavārds - 2:0 Counter-attacks(Rolands Zālītis),18:30,
,20:00,Aggressiveness +1
,20:00,Tactical points offense 5 defense 5
Tactical points offense 4 defense 6,20:00,
Miķelis Dambergs - 3:0 Short passes(Sumiteru Hanabusa),24:08,
penalty player - Ēriks Roze4 on 5,24:39,
,25:25,penalty player - Ilya Tonkonogov4 on 4
Mārtiņš Engurs - 4:0 PP (Hannu Kalaja),27:16,
,36:49,"Folmer Toft - 4:1 rebound(neat pass Dzidris Skrastiņš, Mário Iván)"
,38:08,"Staņislavs Bullītis - 4:2 (perfect pass Leroy Sizemore, Dennis Ivarsson)"
,38:41,Ice time distribution 65/55/45/35
Jānis Cipāns - 5:2 Short passes(excellent pass Mārtiņš Engurs),38:52,
Tactical points offense 5 defense 5,40:00,
,40:00,Tactical points offense 5 defense 5
"Dalibor Benčat - 6:2 (Rolands Zālītis, Inesis Vilde)",41:08,
Inesis Vilde - 7:2 (Rolands Zālītis),43:20,
"Vjačeslavs Pavārds - 8:2 Counter-attacks(excellent pass Inesis Vilde, Dalibor Benčat)",46:20,
,53:19,penalty player - Jurģis Nagrebis4 on 5
penalty player - Vjačeslavs Pavārds4 on 5,55:58,
03.07 - 21:00,League 6.round,MeemaisTeam,['team_id=43795'],4:0,['match_id=897112264'],HC Jelgava Stars,['team_id=42152']
,00:00,Tactical points offense 5 defense 5
,05:02,penalty player - Edgars Miķelsons4 on 5
penalty player - Mārtiņš Sirsniņš4 on 5,12:07,
penalty player - Ashton McLean4 on 5,16:09,
,19:07,penalty player - Joshua Adams4 on 5
,19:34,penalty player - Dennis Ivarsson3 on 5
,20:00,Tactical points offense 5 defense 5
"Ashton McLean - 1:0 Behind the net(neat pass Pertti Palmi, Uldis Kalndruva)",25:03,
,25:34,Aggressiveness +1
,25:34,Pulling the goalie
,26:32,penalty player - Alberts Timanovskis4 on 5
Igors Vizulis - 2:0 (Flavian Beccarelli),37:51,
,38:32,penalty player - Jurģis Nagrebis4 on 5
,38:32,Ice time distribution 65/55/45/35
,40:00,Tactical points offense 5 defense 5
Guntars Janševičs - 3:0 PPrebound(perfect pass Niks Ķirsis),40:15,
penalty player - Mareks Vītoliņš4 on 5,42:57,
penalty player - Ashton McLean3 on 5,43:44,
,45:25,penalty player - Ilya Tonkonogov4 on 4
"Uldis Kalndruva - 4:0 PP(neat pass Ashton McLean, Vitolds Vītoliņš)",46:22,
,47:01,penalty player - Atis Zilgalvis4 on 5
penalty player - Niks Ķirsis4 on 5,55:40,
04.07 - 21:00,Friendly,HC Jelgava Stars,['team_id=42152'],0:3,['match_id=897232416'],BorKhan,['team_id=59077']
Tactical points offense 5 defense 5,00:00,
penalty player - Vladimirs Znotiņš4 on 5,04:01,
,11:02,penalty player - Velika Zimić4 on 5
,16:03,penalty player - Viktor Hrnka4 on 5
Tactical points offense 5 defense 5,20:00,
penalty player - Francis Taukulis4 on 5,21:57,
penalty player - Edmunds Bambergs3 on 5,23:14,
,27:42,Čistomil Orendáč - 0:1 Short passes(poor pass Josif Ružnić)
,35:16,penalty player - Mersudin Kopić4 on 5
,39:28,"Brock Bayley - 0:2 Pressing(genius pass , )"
Pulling the goalie,40:00,
Tactical points offense 5 defense 5,40:00,
,42:01,penalty player - Brock Bayley4 on 5
,49:15,Matěj Koníček - 0:3 Short passes(Čistomil Orendáč)
,49:57,penalty player - 4 on 5
,50:45,penalty player - Brock Bayley3 on 5
05.07 - 21:00,League 7.round,HC Jelgava Stars,['team_id=42152'],3:2 sh,['match_id=897112294'],vairogs,['team_id=7709']
Tactical points offense 5 defense 5,00:00,
penalty player - Folmer Toft4 on 5,06:42,
,15:56,"Alvis Starkovs - 0:1 Behind the net(genius pass Maurícius Valig, Siebe  Marye)"
Pulling the goalie,16:10,
Aggressiveness +1,20:00,
Tactical points offense 5 defense 5,20:00,
penalty player - Juris Norītis4 on 5,20:57,
Alberts Timanovskis - 1:1 Counter-attacks(perfect pass Dzidris Skrastiņš),28:40,
penalty player - Francis Taukulis4 on 5,37:01,
Aggressiveness +1,40:00,
Tactical points offense 5 defense 5,40:00,
penalty player - Folmer Toft4 on 5,45:56,
,49:58,penalty player - Rūdis Vamzis4 on 5
Dennis Ivarsson - 2:1 PP(genius pass Mário Iván),51:37,
penalty player - Dzidris Skrastiņš4 on 5,54:28,
,54:53,penalty player - Arnolds Zālmanis4 on 4
,55:33,Rene Salas - 2:2 (genius pass Grgo Đipalo)
,59:18,penalty player - Atis Zibens4 on 5
Tactical points offense 5 defense 5,60:00,
,64:46,penalty player - Valērijs Krimulds4 on 5
Cyrille Boulanger - 3:2 ,66:10,
06.07 - 21:00,League 8.round,Riga Par Dinamo,['team_id=20428'],5:3,['match_id=897112298'],HC Jelgava Stars,['team_id=42152']
,00:00,Tactical points offense 5 defense 5
penalty player - Jānis Sirsniņš4 on 5,04:59,
penalty player - Rasmus Damgaard3 on 5,05:28,
,06:35,Folmer Toft - 0:1 PP(Vasile Halip)
,07:03,"Maigonis Ušackis - 0:2 PP(genius pass Dennis Ivarsson, Petr Pozhnikov)"
penalty player - Jan Dolejší4 on 5,11:02,
Kuisma Vuohikorpi - 1:2 Shots from blue line(unassisted),14:13,
,15:02,Pulling the goalie
,20:00,Tactical points offense 5 defense 5
"Marek Nováček - 2:2 Behind the net(, Jānis Sirsniņš)",22:14,
"Geordie Rogers - 3:2 Shots from blue line(excellent pass Petr Hanuš, Lumír Šebela)",24:03,
,24:59,Aggressiveness +1
"Jānis Sirsniņš - 4:2 Behind the net(neat pass , Rasmus Damgaard)",37:11,
,38:56,Ice time distribution 65/55/45/35
,40:00,Tactical points offense 5 defense 5
,45:02,"Petr Pozhnikov - 4:3 Counter-attacks(genius pass Joshua Adams, Cyrille Boulanger)"
penalty player - 4 on 5,46:34,
penalty player - Jānis Sirsniņš4 on 5,50:35,
,53:21,penalty player - Francis Taukulis4 on 5
penalty player - Petr Hanuš4 on 4,53:48,
,59:10,penalty player - Francis Taukulis4 on 5
"Holger Roolf - 5:3 PP(excellent pass Jāzeps Štāls, Šimon Přibyl)",59:23,
penalty player - Rasmus Damgaard4 on 5,60:00,
07.07 - 21:00,Friendly,HC Jestřebí,['team_id=12790'],4:2,['match_id=897238709'],HC Jelgava Stars,['team_id=42152']
,00:00,Tactical points offense 5 defense 5
penalty player - David Hanzlík4 on 5,00:58,
Robert Zvěřina - 1:0 Short passes(genius pass Adam Kohoutek),04:20,
penalty player - Oskar Janík4 on 5,04:58,
,11:56,penalty player - Edmunds Bambergs4 on 5
,12:51,penalty player - Staņislavs Bullītis3 on 5
,20:00,Tactical points offense 5 defense 5
,20:08,Staņislavs Bullītis - 1:1 (Osvalds Jākabsons)
"Jakub Hendrych - 2:1 (genius pass Jakub Hanáček, David Hanzlík)",21:13,
Pulling the goalie,30:04,
penalty player - Tomáš Dobiáš4 on 5,35:04,
,40:00,Tactical points offense 5 defense 5
"Antonín Janů - 3:1 Shots from blue line(genius pass Michal Přikryl, Cato Nekstad)",40:16,
,40:58,Pulling the goalie
Antonín Janů - 4:1 Shots from blue line(Michal Přikryl),44:12,
,47:05,Arnolds Ziedkalns - 4:2 (perfect pass Dzidris Skrastiņš)
,52:07,penalty player - Staņislavs Bullītis4 on 5
penalty player - Jakub Hanáček4 on 4,53:03,
08.07 - 22:00,Friendly,Hc Black Tigers :B:,['team_id=58592'],0:2,['match_id=897240808'],HC Jelgava Stars,['team_id=42152']
,00:00,Tactical points offense 5 defense 5
penalty player - Ville Vainioinen4 on 5,07:59,
,20:00,Tactical points offense 5 defense 5
,20:10,"Joshua Adams - 0:1 (excellent pass Mário Iván, Vasile Halip)"
penalty player - Hannu Kaijanen4 on 5,24:00,
Pulling the goalie,30:00,
,32:59,penalty player - Edgars Miķelsons4 on 5
,40:00,Tactical points offense 5 defense 5
,47:02,penalty player - Dzidris Skrastiņš4 on 5
,51:26,"Folmer Toft - 0:2 (Leroy Sizemore, Maigonis Ušackis)"
penalty player - Tuomo Kämpe4 on 5,58:01,
09.07 - 21:00,League 9.round,HC Jelgava Stars,['team_id=42152'],6:4,['match_id=897112324'],Rīgas SKS,['team_id=25255']
Tactical points offense 5 defense 5,00:00,
Staņislavs Bullītis - 1:0 Behind the net(perfect pass Leroy Sizemore),03:44,
,06:00,penalty player - Austin Seller4 on 5
,08:19,penalty player - Ekrem Matijašević4 on 5
"Alberts Timanovskis - 2:0 Counter-attacks(perfect pass Maigonis Ušackis, Dzidris Skrastiņš)",14:12,
,19:18,"Patrick Ford - 2:1 Counter-attacks(average pass Adrians Grasis, Dennis Hansen)"
Pulling the goalie,19:55,
Tactical points offense 5 defense 5,20:00,
penalty player - Alberts Timanovskis4 on 5,22:01,
,26:45,"Adrians Grasis - 2:2 Counter-attacks(average pass Dennis Hansen, Andris Nadziņš)"
,28:03,penalty player - Vitālijs Mellups4 on 5
Mário Iván - 3:2 Counter-attacks(genius pass Alberts Timanovskis),30:37,
,32:33,Dainis Nekrasovs - 3:3 (neat pass Silvestrs Krūmiņš)
"Francis Taukulis - 4:3 rebound(genius pass Dennis Ivarsson, Leroy Sizemore)",35:32,
,36:23,"Aleksandrs Ozoliņš - 4:4 (genius pass Havel Navrátil, Ekrem Matijašević)"
Aggressiveness +1,40:00,
Tactical points offense 5 defense 5,40:00,
,50:01,penalty player - Adrians Grasis4 on 5
Atis Zilgalvis - 5:4 PP (Dennis Ivarsson),50:36,
,53:31,penalty player - Vinícius de Oliveira4 on 5
penalty player - Mário Iván4 on 4,54:00,
Atis Zilgalvis - 6:4 (unassisted),59:08,
10.07 - 21:00,League 10.round,Soda Beņķa Sildītāji,['team_id=28975'],5:3,['match_id=897112332'],HC Jelgava Stars,['team_id=42152']
,00:00,Tactical points offense 5 defense 5
penalty player - Gundars Zikmans4 on 5,03:52,
,08:00,penalty player - Jurģis Nagrebis4 on 5
Gundars Zikmans - 1:0 Counter-attacks(unassisted),19:28,
,20:00,Aggressiveness +1
,20:00,Tactical points offense 5 defense 5
Andris Spītnieks - 2:0 Counter-attacks(Raymond Michel),20:10,
Blažej Krupka - 3:0 Counter-attacks(unassisted),22:24,
"Gundars Zikmans - 4:0 Counter-attacks, rebound(Gustav Lindblad, Filip Chvojka)",23:53,
,24:48,penalty player - Mário Iván4 on 5
penalty player - Gundars Zikmans4 on 4,25:13,
Filip Chvojka - 5:0 (perfect pass Dan Stanciulescu),37:34,
,38:11,Ice time distribution 65/55/45/35
,38:29,"Joshua Adams - 5:1 (excellent pass Mário Iván, Vasile Halip)"
,40:00,Tactical points offense 5 defense 5
,44:44,"Bohuslav Kotrba - 5:2 (perfect pass Maigonis Ušackis, Dennis Ivarsson)"
penalty player - Ildar Savonov4 on 5,45:15,
,46:22,"Folmer Toft - 5:3 PP(excellent pass Joshua Adams, Vasile Halip)"
penalty player - Andris Spītnieks4 on 5,49:21,
11.07 - 22:00,Friendly,Ainon HT,['team_id=19177'],0:6,['match_id=897247664'],HC Jelgava Stars,['team_id=42152']
,00:00,Tactical points offense 5 defense 5
penalty player - Ilmari Auvinen4 on 5,01:49,
penalty player - Ahto Harju4 on 5,10:03,
,19:06,"Uvis Vakseris - 0:1 (Alberts Timanovskis, Arnolds Ziedkalns)"
,20:00,Tactical points offense 5 defense 5
,21:10,"Vladimirs Znotiņš - 0:2 (genius pass Leroy Sizemore, Osvalds Jākabsons)"
,27:15,Uvis Vakseris - 0:3 (perfect pass Alberts Timanovskis)
Goalie has temporarily lost his confidence in himself,27:15,
penalty player - 4 on 5,28:05,
,32:12,"Francis Taukulis - 0:4 (Petr Pozhnikov, Jurģis Nagrebis)"
,40:00,Tactical points offense 5 defense 5
penalty player - Kaj Vihattula4 on 5,43:53,
,49:38,Uvis Vakseris - 0:5 (perfect pass Alberts Timanovskis)
,52:00,"Jurģis Nagrebis - 0:6 Counter-attacks(genius pass Juris Norītis, Atis Zilgalvis)"
,55:59,penalty player - Atis Zilgalvis4 on 5
12.07 - 21:00,League 11.round,HC Jelgava Stars,['team_id=42152'],3:1,['match_id=897112354'],BLACK RABBIT,['team_id=23824']
Tactical points offense 5 defense 5,00:00,
"Folmer Toft - 1:0 (Dennis Ivarsson, Maigonis Ušackis)",01:25,
,11:23,Ziedonis Jakovļevs - 1:1 (Indulis Purvs)
Pulling the goalie,12:02,
,19:09,penalty player - Gatis Baranovs4 on 5
Tactical points offense 5 defense 5,20:00,
"Ilya Tonkonogov - 2:1 PP(genius pass Bohuslav Kotrba, Vasile Halip)",20:41,
penalty player - Folmer Toft4 on 5,26:37,
,31:35,penalty player - Varis Neija4 on 5
Dennis Ivarsson - 3:1 PPrebound(genius pass Mário Iván),33:09,
penalty player - Cyrille Boulanger4 on 5,37:06,
Tactical points offense 5 defense 5,40:00,
13.07 - 21:00,League 12.round,bananiosi,['team_id=18832'],0:5,['match_id=897112366'],HC Jelgava Stars,['team_id=42152']
,00:00,Tactical points offense 5 defense 5
,00:58,penalty player - Maigonis Ušackis4 on 5
,13:29,Alberts Timanovskis - 0:1 (excellent pass Ernests Beļavskis)
,18:02,Vasile Halip - 0:2 (Joshua Adams)
penalty player - Aleksanteri Hakkarainen4 on 5,20:00,
,20:00,Tactical points offense 5 defense 5
,21:43,Maigonis Ušackis - 0:3 PP (Dennis Ivarsson)
Goalie has temporarily lost his confidence in himself,21:43,
penalty player - Sandis Rupais4 on 5,22:42,
penalty player - Sandis Rupais4 on 5,30:43,
,31:16,Atis Zilgalvis - 0:4 PP(unassisted)
penalty player - Igors Baumanis4 on 5,36:17,
penalty player - Konstantīns Bartkēvičs3 on 5,37:41,
,40:00,Tactical points offense 5 defense 5
,42:59,penalty player - Edgars Miķelsons4 on 5
penalty player - Pēteris Podnieks4 on 5,45:57,
penalty player - 3 on 5,47:18,
,47:27,"Vasile Halip - 0:5 PP(Ilya Tonkonogov, Bohuslav Kotrba)"
14.07 - 21:00,Friendly,PUČT.PILSNER ЦRQUELL ČESKÁ TŘEBOVÁ,['team_id=21422'],2:5,['match_id=897248358'],HC Jelgava Stars,['team_id=42152']
,00:00,Tactical points offense 5 defense 5
penalty player - Jakub Večeřa4 on 5,03:02,
,08:02,penalty player - Andris Kraulis4 on 5
Marek Vítek - 1:0 PP(average pass Jakub Bureš),08:05,
penalty player - Jan Holub4 on 5,14:05,
,14:22,penalty player - Edmunds Bambergs4 on 4
,20:00,Tactical points offense 5 defense 5
penalty player - Martin Nejedlý4 on 5,25:03,
,25:16,"Jurģis Nagrebis - 1:1 PP(perfect pass Dzidris Skrastiņš, Atis Zilgalvis)"
"Jan Holub - 2:1 (neat pass Marek Vítek, Jakub Večeřa)",32:50,
,33:23,Pulling the goalie
,33:25,"Staņislavs Bullītis - 2:2 (neat pass Edgars Miķelsons, Uvis Vakseris)"
penalty player - Jan Holub4 on 5,35:23,
,40:00,Tactical points offense 5 defense 5
penalty player - Dominikus Peyerl4 on 5,48:00,
,49:33,Uvis Vakseris - 2:3 PP(poor pass Staņislavs Bullītis)
,51:02,Edmunds Bambergs - 2:4 (genius pass Alberts Timanovskis)
penalty player - Karel Bažant4 on 5,51:33,
,55:51,Francis Taukulis - 2:5 (perfect pass Juris Norītis)
penalty player - Ondřej Král4 on 5,56:31,
15.07 - 21:00,Friendly,Coyotes,['team_id=27652'],2:9,['match_id=897248359'],HC Jelgava Stars,['team_id=42152']
,00:00,Tactical points offense 5 defense 5
,05:05,Folmer Toft - 0:1 (perfect pass Leroy Sizemore)
penalty player - Aleš Havel4 on 5,13:55,
,14:07,"Folmer Toft - 0:2 PPrebound(excellent pass Joshua Adams, Ilya Tonkonogov)"
,16:53,"Cyrille Boulanger - 0:3 (Joshua Adams, Vasile Halip)"
penalty player - Martin Stehlík4 on 5,17:05,
,17:51,penalty player - Folmer Toft4 on 4
" - 1:3 PP(genius pass Jakub Dostál, Antonín Sivák)",19:08,
,19:17,Folmer Toft - 1:4 (unassisted)
Goalie has temporarily lost his confidence in himself,19:17,
,20:00,Tactical points offense 5 defense 5
,20:48,"Cyrille Boulanger - 1:5 (Joshua Adams, Vasile Halip)"
penalty player - Tomáš Pour4 on 5,24:41,
Antonín Sivák - 2:5 Behind the net(unassisted),29:31,
,30:02,Pulling the goalie
penalty player - Michal Pazdera4 on 5,34:40,
penalty player - Dalibor Frank4 on 5,40:00,
,40:00,Tactical points offense 5 defense 5
,46:06,"Joshua Adams - 2:6 (perfect pass Ilya Tonkonogov, Vasile Halip)"
,48:17,Francis Taukulis - 2:7 (unassisted)
penalty player - Tomáš Pour4 on 5,48:45,
penalty player - Antonín Sivák4 on 5,51:26,
,53:44,"Ernests Beļavskis - 2:8 (Vladimirs Znotiņš, Dzidris Skrastiņš)"
,55:43,Folmer Toft - 2:9 (genius pass Dennis Ivarsson)
penalty player - Aleš Havel4 on 5,56:08,
16.07 - 21:00,League 13.round,HC Jelgava Stars,['team_id=42152'],4:1,['match_id=897112384'],armijas vieniba,['team_id=22484']
Tactical points offense 5 defense 5,00:00,
"Maigonis Ušackis - 1:0 (Dennis Ivarsson, Folmer Toft)",01:22,
,02:59,"Juventín Malík - 1:1 Counter-attacks(perfect pass Richard Piatka, Blahoslav Liška)"
Pulling the goalie,03:58,
penalty player - Juris Norītis4 on 5,05:58,
"Francis Taukulis - 2:1 (average pass Atis Zilgalvis, Karl LoBianco)",12:00,
,15:58,penalty player - Antti Pelli4 on 5
Atis Zilgalvis - 3:1 PP(genius pass Dennis Ivarsson),17:31,
Tactical points offense 5 defense 5,20:00,
,22:59,penalty player - Matej Pavlačka4 on 5
,24:19,penalty player - Baltazár Brudňák3 on 5
penalty player - Alberts Timanovskis4 on 5,38:16,
Tactical points offense 5 defense 5,40:00,
"Folmer Toft - 4:1 Counter-attacks(excellent pass Leroy Sizemore, Dennis Ivarsson)",42:22,
penalty player - Juris Norītis4 on 5,59:25,
17.07 - 21:00,League 14.round,Bauskas Alkani,['team_id=946'],2:5,['match_id=897112400'],HC Jelgava Stars,['team_id=42152']
,00:00,Tactical points offense 5 defense 5
Mareks Ģērmanis - 1:0 Behind the net(Artūrs Danbergs),04:51,
,05:03,Pulling the goalie
,06:11,Atis Zilgalvis - 1:1 (excellent pass Karl LoBianco)
penalty player - Andris Saknis4 on 5,07:29,
penalty player - Vitālijs Liepa4 on 5,11:17,
,20:00,Tactical points offense 5 defense 5
,24:41,penalty player - Vasile Halip4 on 5
,27:28,Folmer Toft - 1:2 (Dennis Ivarsson)
,29:07,"Alberts Timanovskis - 1:3 (genius pass Vladimirs Znotiņš, Dzidris Skrastiņš)"
Aggressiveness +1,29:25,
,34:49,"Folmer Toft - 1:4 Counter-attacks(Dennis Ivarsson, Leroy Sizemore)"
Toms Pranģis - 2:4 (unassisted),35:04,
,40:00,Tactical points offense 5 defense 5
penalty player - Kristers Zelčs4 on 5,53:59,
,54:38,Atis Zilgalvis - 2:5 PP (Dennis Ivarsson)
18.07 - 21:00,Friendly,Hardec,['team_id=31611'],1:4,['match_id=897056841'],HC Jelgava Stars,['team_id=42152']
,00:00,Tactical points offense 5 defense 5
penalty player - Ondřej Sláma4 on 5,01:01,
,02:44,Staņislavs Bullītis - 0:1 PP (Alberts Timanovskis)
,14:38,penalty player - Edmunds Bambergs4 on 5
,19:35,penalty player - Jurģis Nagrebis4 on 5
,20:00,Tactical points offense 5 defense 5
penalty player - Ludvík Červenka4 on 5,29:27,
,33:35,"Maigonis Ušackis - 0:2 (Vladimirs Znotiņš, Ilya Tonkonogov)"
,35:46,Jurģis Nagrebis - 0:3 (genius pass Juris Norītis)
,40:00,Tactical points offense 5 defense 5
,41:20,Alberts Timanovskis - 0:4 (excellent pass Edgars Miķelsons)
"Petr Vašíček - 1:4 (excellent pass Hynek Svoboda, Martin David)",50:05,
penalty player - Petr Vašíček4 on 5,58:09,
19.07 - 21:00,League 15.round,HC Jelgava Stars,['team_id=42152'],6:0,['match_id=897112414'],Latvijas Patriots,['team_id=18769']
Tactical points offense 5 defense 5,00:00,
Atis Zilgalvis - 1:0 (Karl LoBianco),02:21,
penalty player - Atis Zilgalvis4 on 5,06:00,
,08:36,penalty player - Jurģis Krodzenieks4 on 5
,15:53,penalty player - Atis Ķesteris4 on 5
,16:14,penalty player - Deniss Laukubriedis3 on 5
Dennis Ivarsson - 2:0 PP(excellent pass Atis Zilgalvis),16:47,
Vasile Halip - 3:0 PP(neat pass Bohuslav Kotrba),17:56,
Tactical points offense 5 defense 5,20:00,
,22:01,penalty player - Juris Akmanis4 on 5
,32:00,penalty player - Guntis Lielais4 on 5
"Vasile Halip - 4:0 PP(neat pass Bohuslav Kotrba, Joshua Adams)",33:08,
,37:59,penalty player - Leonards Kalnājs4 on 5
Tactical points offense 5 defense 5,40:00,
penalty player - Leroy Sizemore4 on 5,41:02,
Folmer Toft - 5:0 (genius pass Dennis Ivarsson),43:34,
penalty player - Juris Norītis4 on 5,44:05,
,51:07,penalty player - Guntis Lielais4 on 5
"Atis Zilgalvis - 6:0 PP (Dennis Ivarsson, Petr Pozhnikov)",51:47,
,58:41,penalty player - Mārcis Bangēvičs4 on 5
20.07 - 21:00,League 16.round,HC Jelgava Stars,['team_id=42152'],6:3,['match_id=897112195'],HC #Dinamo Riga#,['team_id=7903']
Tactical points offense 5 defense 5,00:00,
"Vasile Halip - 1:0 Shots from blue line(Joshua Adams, Ernests Beļavskis)",04:36,
penalty player - Edmunds Bambergs4 on 5,06:57,
,10:55,penalty player - Rihards Murāts4 on 5
Vasile Halip - 2:0 PP (Ilya Tonkonogov),10:59,
penalty player - Dennis Ivarsson4 on 5,14:56,
penalty player - Juris Norītis4 on 5,18:33,
Tactical points offense 5 defense 5,20:00,
,27:50,penalty player - Rihards Murāts4 on 5
Folmer Toft - 3:0 PP(Ilya Tonkonogov),28:00,
Atis Zilgalvis - 4:0 (unassisted),32:03,
,32:46,Alfonso Bouzas - 4:1 Counter-attacks(genius pass Vidar Myrvold)
penalty player - Mário Iván4 on 5,34:03,
penalty player - Ernests Beļavskis4 on 5,39:58,
Tactical points offense 5 defense 5,40:00,
Ernests Beļavskis - 5:1 Shots from blue line(Joshua Adams),46:19,
,47:08,"Freddie Gustafsson - 5:2 Short passes(genius pass Nikolajs Miglinieks, John Hammonds)"
Pulling the goalie,47:21,
,49:24,penalty player - Freddie Gustafsson4 on 5
,49:46,penalty player - Jorma Laurell3 on 5
Folmer Toft - 6:2 PPrebound(Bohuslav Kotrba),50:00,
,59:55,Nikolay Kukin - 6:3 rebound(unassisted)
21.07 - 21:00,Friendly,Hardec,['team_id=31611'],1:6,['match_id=897056842'],HC Jelgava Stars,['team_id=42152']
,00:00,Tactical points offense 5 defense 5
,03:06,"Joshua Adams - 0:1 (Osvalds Jākabsons, Niks Silmacis)"
penalty player - Ondřej Sláma4 on 5,04:59,
,10:19,"Francis Taukulis - 0:2 (perfect pass Juris Norītis, Dzidris Skrastiņš)"
penalty player - Miroslav Srb4 on 5,18:04,
,20:00,Tactical points offense 5 defense 5
penalty player - Ladislav Dlouhý4 on 5,23:06,
penalty player - Jiří Studený4 on 5,27:07,
,30:31,Maigonis Ušackis - 0:3 (unassisted)
,37:39,"Uvis Vakseris - 0:4 (perfect pass Alberts Timanovskis, Edmunds Bambergs)"
Matěj Vaněk - 1:4 (neat pass Martin David),38:24,
,40:00,Tactical points offense 5 defense 5
penalty player - Ondřej Sláma4 on 5,41:02,
,48:26,"Vladimirs Znotiņš - 1:5 (excellent pass Maigonis Ušackis, Ilya Tonkonogov)"
,51:23,"Alberts Timanovskis - 1:6 Pressing, rebound(Uvis Vakseris)"
22.07 - 21:00,Friendly,HC Jelgava Stars,['team_id=42152'],5:2,['match_id=897056843'],Hardec,['team_id=31611']
Tactical points offense 5 defense 5,00:00,
,02:16,Matěj Vaněk - 0:1 (Petr Vašíček)
penalty player - Atis Zilgalvis4 on 5,08:00,
,12:58,penalty player - Ladislav Dlouhý4 on 5
penalty player - Atis Zilgalvis4 on 5,15:58,
,18:58,penalty player - Jonáš Šafařík4 on 5
Tactical points offense 5 defense 5,20:00,
,27:01,penalty player - Ladislav Dlouhý4 on 5
Francis Taukulis - 1:1 PP (unassisted),28:09,
penalty player - Dzidris Skrastiņš4 on 5,29:07,
,33:06,penalty player - Hynek Svoboda4 on 5
Tactical points offense 5 defense 5,40:00,
penalty player - Osvalds Jākabsons4 on 5,42:58,
penalty player - Maigonis Ušackis3 on 5,43:18,
,44:02,"Jonáš Šafařík - 1:2 PP(perfect pass Zahar  Truhinovich , Ondřej Sláma)"
"Joshua Adams - 2:2 SHrebound(genius pass Osvalds Jākabsons, Leroy Sizemore)",44:11,
"Alberts Timanovskis - 3:2 Pressing(excellent pass Edgars Miķelsons, Uvis Vakseris)",47:38,
Maigonis Ušackis - 4:2 (unassisted),52:36,
,55:17,penalty player - Rudolf Doležel4 on 5
Maigonis Ušackis - 5:2 (Vladimirs Znotiņš),58:21,
23.07 - 21:00,League 17.round,Rozetes,['team_id=20386'],5:6 ot,['match_id=897112205'],HC Jelgava Stars,['team_id=42152']
,00:00,Tactical points offense 5 defense 5
,02:44,penalty player - Juris Norītis4 on 5
Andris Kazainis - 1:0 Shots from blue line(unassisted),07:06,
,07:16,Pulling the goalie
penalty player - Viktors Aksenoks4 on 5,13:09,
penalty player - Herberts Prūsis4 on 5,16:57,
penalty player - Jūlijs Purvs4 on 5,19:12,
,20:00,Aggressiveness +1
Aggressiveness -1,20:00,
,20:00,Tactical points offense 5 defense 5
,20:31,penalty player - Ilya Tonkonogov4 on 4
Elias Wiklund - 2:0 (excellent pass Zmitser Liohin ),26:10,
penalty player - Alexander Lenniger4 on 5,27:04,
"Erkki Santaharju - 3:0 Shots from blue line(Andris Kazainis, Viesturs Ābols)",29:34,
,38:14,Ice time distribution 65/55/45/35
,40:00,Tactical points offense 5 defense 5
,40:07,"Joshua Adams - 3:1 rebound(excellent pass Mário Iván, Ilya Tonkonogov)"
Elias Wiklund - 4:1 (perfect pass Ģirts Kinbērs),40:23,
,46:07,"Vladimirs Znotiņš - 4:2 Checking(excellent pass Dzidris Skrastiņš, Alberts Timanovskis)"
penalty player - Gaidis Tālavnieks4 on 5,46:36,
,48:19,"Maigonis Ušackis - 4:3 PP (Dennis Ivarsson, Mário Iván)"
,49:34,"Folmer Toft - 4:4 (genius pass Dennis Ivarsson, Leroy Sizemore)"
,50:09,Aggressiveness +1
penalty player - August Heuriger4 on 5,51:38,
"Elias Wiklund - 5:4 Counter-attacks(perfect pass Gaidis Tālavnieks, Ģirts Kinbērs)",53:39,
,55:29,Folmer Toft - 5:5 (unassisted)
,60:00,Tactical points offense 5 defense 5
,63:30,Ernests Beļavskis - 5:6 (Joshua Adams)
24.07 - 21:00,League 18.round,HC Jelgava Stars,['team_id=42152'],3:0,['match_id=897112229'],Silikātu ledlauži,['team_id=22517']
Tactical points offense 5 defense 5,00:00,
Folmer Toft - 1:0 (unassisted),05:23,
,13:08,penalty player - 4 on 5
Atis Zilgalvis - 2:0 (Juris Norītis),16:34,
penalty player - Dzidris Skrastiņš4 on 5,17:12,
,17:41,penalty player - 4 on 4
Tactical points offense 5 defense 5,20:00,
penalty player - Ilya Tonkonogov4 on 5,23:58,
,29:58,penalty player - 4 on 5
"Atis Zilgalvis - 3:0 PP (Dennis Ivarsson, Maigonis Ušackis)",31:42,
penalty player - Jurģis Nagrebis4 on 5,33:43,
Tactical points offense 5 defense 5,40:00,
25.07 - 21:00,Friendly,HC Jelgava Stars,['team_id=42152'],5:2,['match_id=897056844'],Hardec,['team_id=31611']
Tactical points offense 5 defense 5,00:00,
"Niks Silmacis - 1:0 (excellent pass Cyrille Boulanger, Joshua Adams)",03:23,
,06:59,penalty player - Ladislav Dlouhý4 on 5
,11:03,penalty player - Jonáš Šafařík4 on 5
penalty player - Jurģis Nagrebis4 on 4,11:57,
,14:59,"Matěj Vaněk - 1:1 (neat pass Milan Novák, Martin David)"
penalty player - Edmunds Bambergs4 on 5,17:56,
Tactical points offense 5 defense 5,20:00,
"Ernests Beļavskis - 2:1 (Osvalds Jākabsons, Andris Kraulis)",30:03,
,30:27,Milan Novák - 2:2 (unassisted)
Pulling the goalie,32:01,
Tactical points offense 5 defense 5,40:00,
,42:59,penalty player - Ladislav Dlouhý4 on 5
Francis Taukulis - 3:2 PP(excellent pass Jurģis Nagrebis),43:02,
Atis Zilgalvis - 4:2 (excellent pass Jurģis Nagrebis),48:00,
"Staņislavs Bullītis - 5:2 (Alberts Timanovskis, Uvis Vakseris)",53:25,
26.07 - 21:00,League 19.round,ZibensX,['team_id=43025'],0:8,['match_id=897112235'],HC Jelgava Stars,['team_id=42152']
,00:00,Tactical points offense 5 defense 5
,01:22,Folmer Toft - 0:1 (Dennis Ivarsson)
,07:24,Staņislavs Bullītis - 0:2 Checking(Vladimirs Znotiņš)
,13:12,Leroy Sizemore - 0:3 (perfect pass Cyrille Boulanger)
,20:00,Tactical points offense 5 defense 5
penalty player - Atis Brūklenis4 on 5,21:00,
penalty player - Artūrs Lejiņš3 on 5,21:57,
,23:40,"Vasile Halip - 0:4 PP(Joshua Adams, Bohuslav Kotrba)"
,31:42,penalty player - Cyrille Boulanger4 on 5
penalty player - Māris Jostiņš4 on 4,32:36,
,38:08,"Mário Iván - 0:5 Shots from blue line(genius pass Ilya Tonkonogov, Ernests Beļavskis)"
,40:00,Tactical points offense 5 defense 5
,40:14,Vasile Halip - 0:6 (unassisted)
,43:00,Staņislavs Bullītis - 0:7 (perfect pass Alberts Timanovskis)
penalty player - Silvis Zaķis4 on 5,52:56,
,53:40,"Cyrille Boulanger - 0:8 PP (Dennis Ivarsson, Mário Iván)"
,56:40,penalty player - Ernests Beļavskis4 on 5
27.07 - 21:00,League 20.round,HC Jelgava Stars,['team_id=42152'],1:6,['match_id=897112263'],HC Anaheim,['team_id=19579']
,00:00,Tactical points offense 4 defense 6
Tactical points offense 5 defense 5,00:00,
,03:56,penalty player - Edgars Zemturs4 on 5
,12:34,Mārtiņš Engurs - 0:1 Short passes(genius pass Hannu Kalaja)
Pulling the goalie,12:50,
Aggressiveness +1,20:00,
Tactical points offense 5 defense 5,20:00,
,20:00,Tactical points offense 4 defense 6
,21:14,penalty player - Armands Skrastiņš4 on 5
penalty player - Atis Zilgalvis4 on 5,24:31,
penalty player - Juris Norītis4 on 5,30:33,
,32:08,Mārtiņš Engurs - 0:2 PP(unassisted)
"Jurģis Nagrebis - 1:2 Counter-attacks(excellent pass Atis Zilgalvis, Juris Norītis)",32:10,
,33:30,Mārtiņš Engurs - 1:3 Short passes(Hannu Kalaja)
penalty player - Atis Zilgalvis4 on 5,35:24,
,37:08,Mārtiņš Engurs - 1:4 PP(unassisted)
Ice time distribution 65/55/45/35,38:11,
,38:32,penalty player - Dalibor Benčat4 on 5
,39:08,Sumiteru Hanabusa - 1:5 SH(genius pass Jo Öttl)
Tactical points offense 5 defense 5,40:00,
,40:00,Tactical points offense 5 defense 5
,48:29,penalty player - Rolands Zālītis4 on 5
,49:52,penalty player - Axel  Allebosch3 on 5
,53:53,penalty player - Pāvels Linga4 on 5
,56:05,"Mārtiņš Engurs - 1:6 (genius pass Hannu Kalaja, Jānis Cipāns)"
28.07 - 21:00,Friendly,HC Jelgava Stars,['team_id=42152'],7:3,['match_id=897263998'],Lokomotive Marline,['team_id=59264']
Tactical points offense 5 defense 5,00:00,
,00:59,penalty player - Koit Urb4 on 5
,04:21,Teet Klasman - 0:1 (unassisted)
,06:53,"Teet Klasman - 0:2 (perfect pass Jaako Gailit, Ardu Tähnas)"
,09:03,penalty player - Koit Urb4 on 5
"Uvis Vakseris - 1:2 PP (Alberts Timanovskis, Edgars Miķelsons)",09:41,
,10:04,"Teet Klasman - 1:3 (perfect pass Jaako Gailit, Ardu Tähnas)"
Goalie has temporarily lost his confidence in himself,10:04,
Ilya Tonkonogov - 2:3 (perfect pass Petr Pozhnikov),12:53,
,15:22,penalty player - Ardu Tähnas4 on 5
,18:03,penalty player - Henrik Uibo4 on 5
Tactical points offense 5 defense 5,20:00,
,20:45,penalty player - Henrik Uibo4 on 5
"Maigonis Ušackis - 3:3 (excellent pass Vladimirs Znotiņš, Ilya Tonkonogov)",23:11,
"Joshua Adams - 4:3 (excellent pass Mário Iván, Niks Silmacis)",24:18,
Ernests Beļavskis - 5:3 (Joshua Adams),32:00,
penalty player - Juris Norītis4 on 5,32:32,
,37:07,penalty player - Henrik Uibo4 on 5
Tactical points offense 5 defense 5,40:00,
Dzidris Skrastiņš - 6:3 (genius pass Juris Norītis),40:18,
,41:57,penalty player - Toomas Niibo4 on 5
"Francis Taukulis - 7:3 (Juris Norītis, Jurģis Nagrebis)",46:46,
,48:59,penalty player - Rain Looke4 on 5
,58:55,penalty player - Koit Lapsan4 on 5
,59:21,penalty player - Imre Stern3 on 5
29.07 - 21:00,Friendly,HC KOVO Děčín,['team_id=29682'],2:4,['match_id=897265069'],HC Jelgava Stars,['team_id=42152']
,00:00,Tactical points offense 5 defense 5
,03:54,penalty player - Cyrille Boulanger4 on 5
,08:02,Vladimirs Znotiņš - 0:1 Counter-attacks(excellent pass Petr Pozhnikov)
"Vjačeslavs Plēpis - 1:1 (genius pass , Intis Caps)",09:00,
penalty player - Boleslav Novák4 on 5,09:50,
Mattias Schilt - 2:1 (genius pass Zikmund Kašpárek),18:14,
,20:00,Tactical points offense 5 defense 5
,22:20,Francis Taukulis - 2:2 Counter-attacks(Vladimirs Znotiņš)
,25:28,Folmer Toft - 2:3 (Osvalds Jākabsons)
,32:05,penalty player - Cyrille Boulanger4 on 5
,35:05,penalty player - Staņislavs Bullītis4 on 5
,40:00,penalty player - Edmunds Bambergs4 on 5
,40:00,Tactical points offense 5 defense 5
penalty player - Patrik Kubica4 on 4,40:47,
,42:14,"Atis Zilgalvis - 2:4 PP (Dennis Ivarsson, Edmunds Bambergs)"
,46:15,penalty player - Edmunds Bambergs4 on 5
penalty player - Vadim Kalinchuk4 on 5,59:06,
30.07 - 21:00,League 21.round,HC Jelgava Stars,['team_id=42152'],4:3 sh,['match_id=897112265'],MeemaisTeam,['team_id=43795']
Tactical points offense 5 defense 5,00:00,
,03:24,Žanis Fejers - 0:1 Behind the net(Bronislav Harkov)
penalty player - Vladimirs Znotiņš4 on 5,07:01,
,10:02,penalty player - Ľudovít Kiss4 on 5
"Folmer Toft - 1:1 Counter-attacks(Bohuslav Kotrba, Leroy Sizemore)",13:11,
penalty player - Folmer Toft4 on 5,17:08,
Tactical points offense 5 defense 5,20:00,
,23:12,"Igors Vizulis - 1:2 Behind the net(genius pass Flavian Beccarelli, Rūdis Miezītis)"
Aggressiveness +1,24:06,
Pulling the goalie,24:06,
,27:04,penalty player - Flavian Beccarelli4 on 5
penalty player - Mário Iván4 on 5,30:03,
,31:32,penalty player - Zigurds Bērziņš4 on 4
,37:46,"Ashton McLean - 1:3 (perfect pass Uldis Kalndruva, Pertti Palmi)"
Ice time distribution 65/55/45/35,38:32,
Tactical points offense 5 defense 5,40:00,
Cyrille Boulanger - 2:3 Checking(Alberts Timanovskis),49:32,
,57:44,penalty player - Niks Ķirsis4 on 5
"Joshua Adams - 3:3 PP(perfect pass Ilya Tonkonogov, Folmer Toft)",57:51,
Aggressiveness +1,57:51,
Tactical points offense 5 defense 5,60:00,
Cyrille Boulanger - 4:3 ,66:10,
31.07 - 21:00,League 22.round,vairogs,['team_id=7709'],3:2 sh,['match_id=897112295'],HC Jelgava Stars,['team_id=42152']
,00:00,Tactical points offense 5 defense 5
penalty player - Vitolds Meļķe4 on 5,05:05,
,05:42,Maigonis Ušackis - 0:1 PP (Dennis Ivarsson)
,12:33,penalty player - Mário Iván4 on 5
,20:00,Tactical points offense 5 defense 5
penalty player - Rūdis Vamzis4 on 5,20:54,
penalty player - Arnolds Zālmanis3 on 5,21:16,
penalty player - Jean-Christophe Brault4 on 5,31:50,
penalty player - Artūrs Āķis4 on 5,34:23,
,37:18,penalty player - Juris Norītis4 on 5
Vitolds Meļķe - 1:1 PP(genius pass Grgo Đipalo),37:28,
,37:28,Pulling the goalie
,40:00,Aggressiveness +1
,40:00,Tactical points offense 5 defense 5
,45:12,"Maigonis Ušackis - 1:2 Counter-attacks(neat pass Bohuslav Kotrba, Dennis Ivarsson)"
"Vitolds Meļķe - 2:2 rebound(neat pass Arnolds Zālmanis, Grgo Đipalo)",47:34,
penalty player - Alvis Starkovs4 on 5,53:19,
penalty player - Rūdis Vamzis3 on 5,54:12,
penalty player - Arnolds Zālmanis3 on 5,55:46,
,60:00,Tactical points offense 5 defense 5
Rūdis Vamzis - 3:2 ,65:10,
01.08 - 19:00,Friendly,DELTA,['team_id=40080'],6:0,['match_id=897267297'],HC Jelgava Stars,['team_id=42152']
,00:00,Tactical points offense 5 defense 5
penalty player - Tamash Ahurok4 on 5,04:04,
 - 1:0 (unassisted),07:28,
"Fabián Harman - 2:0 (Matěj Novotný, Felix Matějíček)",08:46,
Jaroslav Krupička - 3:0 (),11:35,
,11:35,Goalie has temporarily lost his confidence in himself
,16:31,penalty player - Maigonis Ušackis4 on 5
penalty player - 4 on 4,17:20,
,20:00,Tactical points offense 5 defense 5
"Felix Matějíček - 4:0 rebound(genius pass Matěj Novotný, Anton Mishkin)",22:39,
Reto Szucher - 5:0 (Felix Matějíček),24:42,
penalty player - Grigore Buzoianu4 on 5,25:09,
,31:59,penalty player - Vladimirs Znotiņš4 on 5
penalty player - Felix Matějíček4 on 4,32:14,
penalty player - Tamash Ahurok4 on 5,38:15,
,40:00,Tactical points offense 5 defense 5
penalty player - Anton Mishkin4 on 5,41:16,
Reto Szucher - 6:0 (Felix Matějíček),48:53,
,49:20,Pulling the goalie
,50:23,penalty player - Andris Kraulis4 on 5
,52:55,penalty player - Vladimirs Znotiņš4 on 5
02.08 - 21:00,League 23.round,HC Jelgava Stars,['team_id=42152'],1:2,['match_id=897112299'],Riga Par Dinamo,['team_id=20428']
Tactical points offense 5 defense 5,00:00,
,05:30,Marek Nováček - 0:1 Counter-attacks(Jānis Sirsniņš)
penalty player - Maigonis Ušackis4 on 5,08:56,
,13:52,penalty player - Jan Dolejší4 on 5
Aggressiveness +1,20:00,
Tactical points offense 5 defense 5,20:00,
,31:57,penalty player - Holger Roolf4 on 5
,36:58,penalty player - Vyacheslav Razumovskiy4 on 5
Ice time distribution 65/55/45/35,38:28,
,39:27,Šimon Přibyl - 0:2 rebound(Ernests Lācplēsējs)
Pulling the goalie,39:58,
Tactical points offense 5 defense 5,40:00,
,54:00,penalty player - Clark Moss4 on 5
Joshua Adams - 1:2 PP(perfect pass Ilya Tonkonogov),54:01,
penalty player - Ernests Beļavskis4 on 5,57:05,
03.08 - 21:00,League 24.round,Rīgas SKS,['team_id=25255'],4:1,['match_id=897112325'],HC Jelgava Stars,['team_id=42152']
,00:00,Tactical points offense 5 defense 5
"Mārcis Deksnis - 1:0 Counter-attacks(average pass Vitālijs Mellups, Silvestrs Krūmiņš)",05:23,
,07:57,penalty player - Folmer Toft4 on 5
Aleksandrs Ozoliņš - 2:0 (Havel Navrátil),14:00,
,14:35,Pulling the goalie
,20:00,Aggressiveness +1
,20:00,Tactical points offense 5 defense 5
,27:03,"Jurģis Nagrebis - 2:1 (genius pass Alberts Timanovskis, Dzidris Skrastiņš)"
penalty player - Adrians Grasis4 on 5,29:55,
,30:12,penalty player - Bohuslav Kotrba4 on 4
,33:13,penalty player - Edgars Miķelsons4 on 5
,38:15,Ice time distribution 65/55/45/35
,40:00,Tactical points offense 5 defense 5
Andris Nadziņš - 3:1 Counter-attacks(poor pass Vinícius de Oliveira),44:39,
Aleksandrs Ozoliņš - 4:1 Checking(neat pass Leonīds Reinholds),52:17,
penalty player - Ekrem Matijašević4 on 5,57:45,
04.08 - 21:00,Friendly,HC Jelgava Stars,['team_id=42152'],2:3,['match_id=897270768'],Bajen Fans Hockey,['team_id=1529']
Tactical points offense 5 defense 5,00:00,
penalty player - Edmunds Bambergs4 on 5,04:38,
,05:21,Joel Eklund - 0:1 PP(poor pass Christoffer Lähtenmääki)
penalty player - Andris Kraulis4 on 5,11:38,
,12:52,"Manfred Backlund - 0:2 PP(neat pass Christoffer Lähtenmääki, Joel Eklund)"
penalty player - Edmunds Bambergs4 on 5,13:55,
"Vasile Halip - 1:2 (excellent pass Jurģis Nagrebis, Staņislavs Bullītis)",16:14,
,18:01,penalty player - Austris Gaisiņš4 on 5
Tactical points offense 5 defense 5,20:00,
,21:03,penalty player - Emil Sedin4 on 5
,26:01,penalty player - Hannes Sandin4 on 5
,29:42,penalty player - Eskil Svedberg4 on 5
"Vladimirs Znotiņš - 2:2 PP(genius pass Juris Norītis, Leroy Sizemore)",31:24,
penalty player - Edvards Feldmanis4 on 5,38:18,
Tactical points offense 5 defense 5,40:00,
,41:17,penalty player - Lars Sandström4 on 5
,50:53,Joel Eklund - 2:3 (poor pass Manfred Backlund)
penalty player - Edmunds Bambergs4 on 5,55:47,
05.08 - 21:00,Friendly,HC Jelgava Stars,['team_id=42152'],6:4,['match_id=897270757'],Šarišan Prešov,['team_id=38765']
Tactical points offense 5 defense 5,00:00,
"Joshua Adams - 1:0 (excellent pass Petr Pozhnikov, Niks Silmacis)",02:42,
,05:27,"Michal Bayer - 1:1 Checking(Ľubomír Mitrík, Svorad Puška)"
Folmer Toft - 2:1 (Osvalds Jākabsons),08:42,
Niks Silmacis - 3:1 (genius pass Joshua Adams),14:02,
,14:31,penalty player - Matej Kučera4 on 5
penalty player - Edmunds Bambergs4 on 4,15:28,
Tactical points offense 5 defense 5,20:00,
,23:40,Romeo Píla - 3:2 Counter-attacks(unassisted)
,24:08,penalty player - Matej Kučera4 on 5
Uvis Vakseris - 4:2 (perfect pass Joshua Adams),28:53,
,30:07,Pulling the goalie
,31:29,"Alexander Mikláš - 4:3 (Kamil Kúsek, Matej Kučera)"
Pulling the goalie,32:04,
penalty player - Andris Kraulis4 on 5,33:03,
,34:28,penalty player - Zdeno Dian4 on 4
"Uvis Vakseris - 5:3 (perfect pass Joshua Adams, Edvards Feldmanis)",39:25,
Tactical points offense 5 defense 5,40:00,
,42:40,penalty player - Dušan Repák4 on 5
"Folmer Toft - 6:3 PPrebound(perfect pass Jurģis Nagrebis, Osvalds Jākabsons)",43:50,
,53:02,penalty player - Matej Kučera4 on 5
,55:05,"Alexander Mikláš - 6:4 Counter-attacks(Kamil Kúsek, Patrik Gurský)"
06.08 - 21:00,League 25.round,HC Jelgava Stars,['team_id=42152'],1:4,['match_id=897112333'],Soda Beņķa Sildītāji,['team_id=28975']
Tactical points offense 5 defense 5,00:00,
,01:20,Filip Chvojka - 0:1 Counter-attacks(unassisted)
,06:41,"Gundars Zikmans - 0:2 (Filip Chvojka, Ronald Kleinejasper)"
Pulling the goalie,07:01,
penalty player - Karl LoBianco4 on 5,08:56,
,11:56,penalty player - Gundars Zikmans4 on 5
,19:06,Gundars Zikmans - 0:3 Counter-attacks(genius pass Filip Chvojka)
Aggressiveness +1,20:00,
Tactical points offense 5 defense 5,20:00,
"Cyrille Boulanger - 1:3 Shots from blue line(Joshua Adams, Ernests Beļavskis)",22:20,
penalty player - Maigonis Ušackis4 on 5,29:00,
,31:23,"Gundars Zikmans - 1:4 Counter-attacks(Gustav Lindblad, Ronald Kleinejasper)"
,35:47,penalty player - Martin Mládek4 on 5
Ice time distribution 65/55/45/35,38:01,
Tactical points offense 5 defense 5,40:00,
penalty player - Folmer Toft4 on 5,47:39,
,50:24,penalty player - Raymond Michel4 on 5
,52:48,penalty player - Martin Mládek4 on 5
penalty player - Bohuslav Kotrba4 on 5,55:29,
07.08 - 21:00,League 26.round,BLACK RABBIT,['team_id=23824'],3:2,['match_id=897112355'],HC Jelgava Stars,['team_id=42152']
,00:00,Tactical points offense 5 defense 5
,00:59,penalty player - Juris Norītis4 on 5
penalty player - Uģis Lapegle4 on 4,01:15,
Varis Neija - 1:0 (unassisted),02:46,
,07:15,penalty player - Juris Norītis4 on 5
penalty player - Normunds Skrīveris4 on 4,07:36,
penalty player - Varis Neija4 on 5,17:36,
Artūrs Jumis - 2:0 Shots from blue line(unassisted),19:45,
,20:00,Pulling the goalie
,20:00,Aggressiveness +1
,20:00,Tactical points offense 5 defense 5
,24:23,Folmer Toft - 2:1 (unassisted)
,31:03,penalty player - Edmunds Bambergs4 on 5
,38:02,Ice time distribution 65/55/45/35
,40:00,Tactical points offense 5 defense 5
penalty player - Modris Klētnieks4 on 5,40:58,
penalty player - Ojārs Zalktis4 on 5,46:53,
,47:33,Folmer Toft - 2:2 PP(unassisted)
,47:33,Aggressiveness +1
"Ziedonis Jakovļevs - 3:2 Pressing(genius pass Gatis Baranovs, Indulis Purvs)",57:15,
08.08 - 22:00,Friendly,HK POPRAD,['team_id=7347'],1:6,['match_id=897270758'],HC Jelgava Stars,['team_id=42152']
,00:00,Tactical points offense 5 defense 5
,06:53,Alberts Timanovskis - 0:1 (Andris Kraulis)
,08:51,penalty player - Osvalds Jākabsons4 on 5
Elliot Turnbull - 1:1 PP(neat pass Martin Jones),10:34,
,11:30,penalty player - Edvards Feldmanis4 on 5
,20:00,Tactical points offense 5 defense 5
penalty player - Hvedar Ol'sa4 on 5,22:01,
penalty player - Martin Jones3 on 5,23:20,
,33:28,"Ernests Beļavskis - 1:2 (neat pass Petr Pozhnikov, Joshua Adams)"
,40:00,Tactical points offense 5 defense 5
,44:13,"Edmunds Bambergs - 1:3 Counter-attacks(genius pass Jurģis Nagrebis, Staņislavs Bullītis)"
penalty player - Antonín Erben4 on 5,44:37,
penalty player - Antonín Erben4 on 5,50:05,
,51:10,Edmunds Bambergs - 1:4 PPrebound(genius pass Niks Silmacis)
,51:34,Niks Silmacis - 1:5 (neat pass Staņislavs Bullītis)
penalty player - Ikku Koyanagi4 on 5,52:11,
,54:40,Atis Zilgalvis - 1:6 Counter-attacks(perfect pass Osvalds Jākabsons)
penalty player - Martin Jones4 on 5,55:13,
penalty player - Elliot Turnbull4 on 5,59:10,
09.08 - 21:00,League 27.round,HC Jelgava Stars,['team_id=42152'],4:3,['match_id=897112367'],bananiosi,['team_id=18832']
Tactical points offense 5 defense 5,00:00,
Staņislavs Bullītis - 1:0 (perfect pass Alberts Timanovskis),07:39,
"Maigonis Ušackis - 2:0 (excellent pass Karl LoBianco, Vasile Halip)",09:21,
"Cyrille Boulanger - 3:0 (neat pass Petr Pozhnikov, Joshua Adams)",18:44,
,19:13,"Koppány Hegyi - 3:1 rebound(excellent pass Uolevi Rihula, Nelson Rosen)"
Tactical points offense 5 defense 5,20:00,
,21:05,Klāvs Sirsniņš - 3:2 (genius pass Charlie Haste)
Pulling the goalie,22:01,
"Dennis Ivarsson - 4:2 (genius pass Mário Iván, Ilya Tonkonogov)",24:15,
,30:03,penalty player - Igors Baumanis4 on 5
,34:27,"Klāvs Sirsniņš - 4:3 rebound(genius pass Charlie Haste, Patrik Hreňo)"
,38:08,penalty player - Emīls Troksnis4 on 5
Tactical points offense 5 defense 5,40:00,
,42:08,penalty player - Igors Baumanis4 on 5
penalty player - Alberts Timanovskis4 on 5,49:07,
10.08 - 21:00,League 28.round,armijas vieniba,['team_id=22484'],0:2,['match_id=897112385'],HC Jelgava Stars,['team_id=42152']
,00:00,Tactical points offense 5 defense 5
penalty player - Hostimil Kvitkovič4 on 5,06:57,
penalty player - Chicco Raineri4 on 5,09:57,
,10:43,penalty player - Vasile Halip4 on 4
,15:39,Aggressiveness +1
penalty player - Dragutin Burić4 on 5,17:39,
penalty player - Hugo Deckert3 on 5,19:03,
,20:00,Tactical points offense 5 defense 5
penalty player - Antti Pelli4 on 5,33:56,
,37:59,penalty player - Folmer Toft4 on 5
,40:00,Tactical points offense 5 defense 5
,52:26,"Atis Zilgalvis - 0:1 (Mário Iván, Dennis Ivarsson)"
,54:24,"Cyrille Boulanger - 0:2 Counter-attacks(average pass Edgars Miķelsons, Petr Pozhnikov)"
penalty player - Matej Pavlačka4 on 5,56:05,
11.08 - 21:00,Friendly,HC Jelgava Stars,['team_id=42152'],1:3,['match_id=897276602'],HC Detroit Wings,['team_id=35664']
Tactical points offense 5 defense 5,00:00,
penalty player - Niks Silmacis4 on 5,02:01,
penalty player - Edvards Feldmanis4 on 5,07:00,
,10:02,Maurizio Muti - 0:1 (unassisted)
,13:02,penalty player - Sebastien Foucher4 on 5
,16:01,penalty player - Řehoř Műller4 on 5
,16:21,penalty player - Mathis Sormo3 on 5
,19:23,penalty player - Vendelín Jánský4 on 5
Tactical points offense 5 defense 5,20:00,
,24:26,"Heiri Rüsch - 0:2 Counter-attacks(genius pass Dominik Müller, Yrjö Lampi)"
,27:25,penalty player - Sebastien Foucher4 on 5
penalty player - Bohuslav Kotrba4 on 5,30:26,
"Uvis Vakseris - 1:2 SH(genius pass Alberts Timanovskis, Edgars Miķelsons)",30:28,
Tactical points offense 5 defense 5,40:00,
penalty player - Edgars Miķelsons4 on 5,43:03,
penalty player - Niks Silmacis4 on 5,48:05,
,52:06,penalty player - Linus Keppler4 on 5
,58:07,"Sergejs Millers - 1:3 (Mathis Sormo, Oto Dubský)"
,58:59,penalty player - Jindřich Dobiáš4 on 5
Pulling the goalie,58:59,
12.08 - 21:00,Friendly,HC Detroit Wings,['team_id=35664'],4:4,['match_id=897276791'],HC Jelgava Stars,['team_id=42152']
,00:00,Tactical points offense 10 defense 0
penalty player - Martin Čada4 on 5,02:03,
penalty player - Yrjö Lampi3 on 5,03:26,
,06:45,Uvis Vakseris - 0:1 (average pass Andris Kraulis)
penalty player - Alois Horský4 on 5,07:23,
,14:24,penalty player - Osvalds Jākabsons4 on 5
penalty player - Áron Tausz4 on 4,15:11,
,19:18,"Andris Kraulis - 0:2 (perfect pass Vladimirs Znotiņš, Dzidris Skrastiņš)"
,20:00,Tactical points offense 5 defense 5
Maurizio Muti - 1:2 (Dominik Müller),22:06,
,23:00,penalty player - Andris Kraulis4 on 5
Áron Tausz - 2:2 Behind the net(Sebastien Foucher),27:24,
,34:58,penalty player - Juris Norītis4 on 5
David Krupka - 3:2 PP(unassisted),35:37,
,35:37,Pulling the goalie
,39:03,Dennis Ivarsson - 3:3 (excellent pass Atis Zilgalvis)
,40:00,Tactical points offense 5 defense 5
"Áron Tausz - 4:3 (genius pass Sebastien Foucher, Vendelín Jánský)",49:01,
penalty player - Jan Hampl4 on 5,54:55,
,56:06,Ilya Tonkonogov - 4:4 PP(genius pass Dennis Ivarsson)
penalty player - Áron Tausz4 on 5,58:04,
13.08 - 21:00,League 29.round,HC Jelgava Stars,['team_id=42152'],4:2,['match_id=897112401'],Bauskas Alkani,['team_id=946']
Tactical points offense 5 defense 5,00:00,
,02:00,penalty player - Žanis Birkets4 on 5
,04:07,Žanis Birkets - 0:1 Short passes(perfect pass Tālis Audiņš)
,16:45,penalty player - Andris Saknis4 on 5
Ernests Beļavskis - 1:1 PP(excellent pass Karl LoBianco),18:18,
Aggressiveness +1,18:18,
Tactical points offense 5 defense 5,20:00,
Atis Zilgalvis - 2:1 (Dennis Ivarsson),20:07,
,21:04,penalty player - Pavel Biriukov4 on 5
Karl LoBianco - 3:1 PP(perfect pass Petr Pozhnikov),21:41,
,21:41,Aggressiveness +1
,24:25,penalty player - Mareks Ģērmanis4 on 5
"Ilya Tonkonogov - 4:1 (genius pass Dennis Ivarsson, Mário Iván)",26:42,
,34:28,penalty player - Kristers Zelčs4 on 5
Tactical points offense 5 defense 5,40:00,
,41:54,penalty player - Žanis Birkets4 on 5
,54:00,penalty player - Ringolds Naglis4 on 5
,54:16,penalty player - Pavel Biriukov3 on 5
,57:19,Tālis Audiņš - 4:2 Short passes(Miervaldis Tālavnieks)
,58:03,penalty player - Kristers Zelčs4 on 5
Pulling the goalie,58:03,
14.08 - 21:00,League 30.round,Latvijas Patriots,['team_id=18769'],1:4,['match_id=897112415'],HC Jelgava Stars,['team_id=42152']
,00:00,Tactical points offense 5 defense 5
,00:28,penalty player - Atis Zilgalvis4 on 5
Atis Ķesteris - 1:0 (genius pass Rūdolfs Gilis),04:06,
,13:00,penalty player - Edgars Miķelsons4 on 5
,15:29,penalty player - Alberts Timanovskis4 on 5
,17:08,Vasile Halip - 1:1 SH (Karl LoBianco)
,17:29,Aggressiveness +1
,20:00,Tactical points offense 5 defense 5
,21:53,penalty player - Vasile Halip4 on 5
,29:06,"Francis Taukulis - 1:2 Counter-attacks(neat pass Edgars Miķelsons, Vladimirs Znotiņš)"
penalty player - Ernests Silazieds4 on 5,30:05,
penalty player - Mārcis Bangēvičs4 on 5,36:50,
,40:00,Tactical points offense 5 defense 5
penalty player - Uvis Vankovskis4 on 5,41:01,
penalty player - Deniss Laukubriedis3 on 5,41:27,
,42:02,Ernests Beļavskis - 1:3 PP (unassisted)
penalty player - Juris Akmanis4 on 5,47:07,
,49:42,Maigonis Ušackis - 1:4 Counter-attacks(neat pass Petr Pozhnikov)
,55:21,penalty player - Vladimirs Znotiņš4 on 5
,56:15,penalty player - Cyrille Boulanger3 on 5
15.08 - 22:00,Friendly,Flying Hope,['team_id=58395'],1:9,['match_id=897276871'],HC Jelgava Stars,['team_id=42152']
,00:00,Tactical points offense 5 defense 5
penalty player - Martín Montero4 on 5,06:02,
,09:24,Francis Taukulis - 0:1 (unassisted)
,10:29,Folmer Toft - 0:2 (Dennis Ivarsson)
,12:13,"Cyrille Boulanger - 0:3 (Joshua Adams, Bohuslav Kotrba)"
,14:22,"Mário Iván - 0:4 (genius pass Ilya Tonkonogov, Dennis Ivarsson)"
,16:09,Cyrille Boulanger - 0:5 Counter-attacks(neat pass Bohuslav Kotrba)
penalty player - Ambrosino Aiello4 on 5,18:01,
,19:06,Atis Zilgalvis - 0:6 PP(genius pass Dennis Ivarsson)
,20:00,Tactical points offense 5 defense 5
penalty player - Ambrosino Aiello4 on 5,20:58,
,33:58,penalty player - Dennis Ivarsson4 on 5
,35:33,"Ernests Beļavskis - 0:7 SH(excellent pass Joshua Adams, Bohuslav Kotrba)"
,37:59,penalty player - Cyrille Boulanger4 on 5
,40:00,Tactical points offense 5 defense 5
Ivan Marinković - 1:7 Counter-attacks(genius pass Bram  Schaepherders),41:23,
penalty player - Martin Lacina4 on 5,41:59,
penalty player - Witomir Gontarz4 on 5,46:59,
,52:26,Dennis Ivarsson - 1:8 Counter-attacks(unassisted)
,56:21,Atis Zilgalvis - 1:9 (genius pass Dennis Ivarsson)
penalty player - Ambrosino Aiello4 on 5,60:00,
16.08 - 21:00,Playoff,MeemaisTeam,['team_id=43795'],3:4,['match_id=897294443'],HC Jelgava Stars,['team_id=42152']
,00:00,Tactical points offense 5 defense 5
Tactical points offense 6 defense 4,00:00,
,04:01,"Atis Zilgalvis - 0:1 (Dennis Ivarsson, Mário Iván)"
penalty player - Ľudovít Kiss4 on 5,11:59,
,16:18,Cyrille Boulanger - 0:2 (Joshua Adams)
Igors Vizulis - 1:2 (neat pass Rūdis Miezītis),17:14,
"Niks Ķirsis - 2:2 (average pass Oscar Iván Duque, Leontīns Seilis)",19:11,
,20:00,Aggressiveness +1
,20:00,Pulling the goalie
,20:00,Tactical points offense 5 defense 5
Tactical points offense 6 defense 4,20:00,
Ashton McLean - 3:2 Counter-attacks(unassisted),24:03,
,24:57,Aggressiveness +1
,28:26,Atis Zilgalvis - 3:3 Counter-attacks(Dennis Ivarsson)
penalty player - Guntars Janševičs4 on 5,29:00,
,38:59,penalty player - Juris Norītis4 on 5
Tactical points offense 4 defense 6,40:00,
,40:00,Tactical points offense 5 defense 5
,47:27,Francis Taukulis - 3:4 Short passes(Alberts Timanovskis)
penalty player - Ľudovít Kiss4 on 5,48:01,
17.08 - 21:00,Playoff,HC Jelgava Stars,['team_id=42152'],2:5,['match_id=897294447'],MeemaisTeam,['team_id=43795']
,00:00,Tactical points offense 6 defense 4
Tactical points offense 5 defense 5,00:00,
Vladimirs Znotiņš - 1:0 rebound(unassisted),05:17,
,12:04,penalty player - Ľudovít Kiss4 on 5
,20:00,Tactical points offense 6 defense 4
Tactical points offense 5 defense 5,20:00,
,25:29,Igors Vizulis - 1:1 (genius pass Flavian Beccarelli)
Aggressiveness +1,26:00,
penalty player - Dzidris Skrastiņš4 on 5,27:02,
penalty player - Andris Kraulis4 on 5,33:01,
,40:00,Tactical points offense 4 defense 6
Tactical points offense 5 defense 5,40:00,
,41:13,Jorien Mos - 1:2 (unassisted)
Pulling the goalie,41:57,
Aggressiveness +1,41:57,
,44:17,"Niks Ķirsis - 1:3 (average pass Leontīns Seilis, Oscar Iván Duque)"
,49:04,"Uldis Kalndruva - 1:4 Counter-attacks(neat pass Pertti Palmi, Ashton McLean)"
,54:00,Flavian Beccarelli - 1:5 (perfect pass Rūdis Miezītis)
Maigonis Ušackis - 2:5 (excellent pass Vladimirs Znotiņš),57:18,
18.08 - 20:00,Friendly,Pressburg Wild,['team_id=34787'],2:4,['match_id=897316941'],HC Jelgava Stars,['team_id=42152']
,00:00,Tactical points offense 5 defense 5
penalty player - Ramón Lacka4 on 5,05:52,
,19:44,penalty player - Osvalds Jākabsons4 on 5
,20:00,Tactical points offense 5 defense 5
"Frederik Lang - 1:0 Behind the net(poor pass Ľubomír Bernas, Arpád Pavlíčka)",23:14,
,25:07,Leroy Sizemore - 1:1 (Staņislavs Bullītis)
Zoltán Maščenik - 2:1 Behind the net(Vladimír Hájek),28:13,
Pulling the goalie,30:45,
penalty player - Arpád Pavlíčka4 on 5,34:42,
penalty player - Vladimír Hájek3 on 5,36:02,
,40:00,Tactical points offense 5 defense 5
,42:59,Andris Kraulis - 2:2 Counter-attacks(genius pass Alberts Timanovskis)
,45:10,"Maigonis Ušackis - 2:3 (excellent pass Leroy Sizemore, Vladimirs Znotiņš)"
,52:11,"Francis Taukulis - 2:4 Counter-attacks(perfect pass Jurģis Nagrebis, Atis Zilgalvis)"
penalty player - Ramón Lacka4 on 5,57:52,
penalty player - Lucián Zetocha3 on 5,58:50,
penalty player - Vojtech Vrba3 on 5,59:56,
19.08 - 21:00,Friendly,HC Jelgava Stars,['team_id=42152'],2:2,['match_id=897316940'],Pressburg Wild,['team_id=34787']
Tactical points offense 5 defense 5,00:00,
,02:04,penalty player - Dan Šemrák4 on 5
,02:31,penalty player - Vojtech Vrba3 on 5
,15:47,Jordán Neviďanský - 0:1 (unassisted)
,18:31,penalty player - Vojtech Vrba4 on 5
Tactical points offense 5 defense 5,20:00,
,24:33,penalty player - Albek Abzaliev4 on 5
"Vladimirs Znotiņš - 1:1 (Francis Taukulis, Edmunds Bambergs)",27:49,
,30:29,Pulling the goalie
,30:58,"Vojtech Vrba - 1:2 Behind the net(perfect pass Vladimír Hájek, Albek Abzaliev)"
Pulling the goalie,31:30,
,38:32,penalty player - Patrik Lapko4 on 5
Tactical points offense 5 defense 5,40:00,
Atis Zilgalvis - 2:2 Counter-attacks(perfect pass Jurģis Nagrebis),40:54,
20.08 - 21:00,Playoff,MeemaisTeam,['team_id=43795'],1:3,['match_id=897318969'],HC Jelgava Stars,['team_id=42152']
,00:00,Tactical points offense 5 defense 5
,15:02,Aggressiveness +1
,20:00,Tactical points offense 5 defense 5
,26:58,penalty player - Edgars Miķelsons4 on 5
,30:15,Folmer Toft - 0:1 (Mário Iván)
,40:00,Tactical points offense 5 defense 5
,42:21,"Ernests Beļavskis - 0:2 (excellent pass Joshua Adams, Bohuslav Kotrba)"
,48:15,Atis Zilgalvis - 0:3 (Dennis Ivarsson)
penalty player - Vitolds Vītoliņš4 on 5,55:02,
penalty player - Rūdis Miezītis4 on 5,59:01,
Ashton McLean - 1:3 SH(unassisted),59:04,
21.08 - 21:00,Playoff,HC Anaheim,['team_id=19579'],1:4,['match_id=897327731'],HC Jelgava Stars,['team_id=42152']
,00:00,Tactical points offense 6 defense 4
Tactical points offense 4 defense 6,00:00,
,07:38,Joshua Adams - 0:1 (Cyrille Boulanger)
,13:57,penalty player - Folmer Toft4 on 5
,19:39,penalty player - Bohuslav Kotrba4 on 5
Tactical points offense 4 defense 6,20:00,
,20:00,Tactical points offense 6 defense 5
Inesis Vilde - 1:1 Counter-attacks(unassisted),23:30,
,24:05,Aggressiveness +1
penalty player - Rolands Zālītis4 on 5,28:49,
,31:01,"Cyrille Boulanger - 1:2 Shots from blue line(neat pass Bohuslav Kotrba, Joshua Adams)"
,34:48,"Vasile Halip - 1:3 Checking(Leroy Sizemore, Karl LoBianco)"
Tactical points offense 5 defense 5,40:00,
,40:00,Tactical points offense 9 defense 0
,44:00,Dennis Ivarsson - 1:4 (unassisted)
,48:29,penalty player - Juris Norītis4 on 5
penalty player - Mārtiņš Engurs4 on 4,49:44,
22.08 - 21:00,Friendly,HC Jelgava Stars,['team_id=42152'],3:5,['match_id=897316948'],HC SHarkLV,['team_id=14295']
Tactical points offense 5 defense 5,00:00,
,01:16,Andrejs Sprungulis - 0:1 (unassisted)
,02:05,Andron Długosz - 0:2 (Kenny Harsdorff)
"Niks Silmacis - 1:2 Checking(Atis Zilgalvis, Petr Pozhnikov)",08:21,
Tactical points offense 5 defense 5,20:00,
,23:46,Raitis Zinkovs - 1:3 (neat pass Andrejs Sprungulis)
,27:46,"Joel Warkentine - 1:4 (Armands Veide, Isidor Persson)"
,38:39,"Raitis Zinkovs - 1:5 (neat pass Andrejs Sprungulis, Rasmus Bertilsson)"
Pulling the goalie,39:06,
Tactical points offense 5 defense 5,40:00,
,40:59,penalty player - Harry Löblich4 on 5
"Uvis Vakseris - 2:5 (perfect pass Joshua Adams, Osvalds Jākabsons)",43:18,
,45:01,penalty player - Armands Veide4 on 5
,45:17,penalty player - Isidor Persson3 on 5
penalty player - Dzidris Skrastiņš4 on 5,51:16,
Uvis Vakseris - 3:5 (genius pass Osvalds Jākabsons),55:44,
23.08 - 21:00,Playoff,HC Jelgava Stars,['team_id=42152'],8:3,['match_id=897327733'],HC Anaheim,['team_id=19579']
Tactical points offense 5 defense 5,00:00,
"Ernests Beļavskis - 1:0 Shots from blue line(average pass Cyrille Boulanger, Petr Pozhnikov)",01:24,
,02:15,"Edgars Ulmanis - 1:1 Behind the net(excellent pass Māris Dzērviņš, Phillipp Kittl)"
,03:59,penalty player - Miķelis Dambergs4 on 5
"Atis Zilgalvis - 2:1 Checking(poor pass Uvis Vakseris, Ilya Tonkonogov)",06:46,
,09:01,penalty player - Miķelis Dambergs4 on 5
,09:19,penalty player - Axel  Allebosch3 on 5
"Mário Iván - 3:1 PP(genius pass Dennis Ivarsson, Ilya Tonkonogov)",10:28,
Uvis Vakseris - 4:1 PP(neat pass Ernests Beļavskis),11:05,
,13:31,"Jo Öttl - 4:2 Short passes(genius pass Armands Skrastiņš, Edgars Zemturs)"
Pulling the goalie,14:06,
,18:43,penalty player - Sumiteru Hanabusa4 on 5
Tactical points offense 5 defense 5,20:00,
,22:43,penalty player - Rolands Zālītis4 on 5
"Ernests Beļavskis - 5:2 (neat pass Bohuslav Kotrba, Cyrille Boulanger)",25:38,
,30:59,penalty player - Miķelis Dambergs4 on 5
Mário Iván - 6:2 PPrebound(genius pass Vasile Halip),32:04,
"Maigonis Ušackis - 7:2 Checking(excellent pass Juris Norītis, Leroy Sizemore)",39:55,
Tactical points offense 5 defense 5,40:00,
penalty player - Cyrille Boulanger4 on 5,41:01,
"Bohuslav Kotrba - 8:2 (perfect pass Petr Pozhnikov, Ernests Beļavskis)",47:38,
,48:42,penalty player - Jo Öttl4 on 5
,50:10,penalty player - Rolands Zālītis3 on 5
,56:07,penalty player - Jānis Cipāns4 on 5
,57:20,Sumiteru Hanabusa - 8:3 SH (Hannu Kalaja)
24.08 - 22:00,Friendly,Universal Team,['team_id=4765'],7:3,['match_id=897335123'],HC Jelgava Stars,['team_id=42152']
,00:00,Tactical points offense 5 defense 5
penalty player - Nazim Geslain4 on 5,02:44,
"Marcel Barbe - 1:0 Counter-attacks(Kalin Paisiev, Máté Földesi)",05:37,
,10:15,penalty player - Uvis Vakseris4 on 5
Marcel Barbe - 2:0 PP (unassisted),11:48,
,13:51,penalty player - Edvards Feldmanis4 on 5
Eugen Kammerer - 3:0 PPrebound(genius pass Jean-Louis Offret),15:32,
,15:32,Goalie has temporarily lost his confidence in himself
,16:52,penalty player - Edgars Miķelsons4 on 5
Jean-Louis Offret - 4:0 PP(genius pass Eugen Kammerer),16:55,
Joris Meyer - 5:0 rebound(average pass Leo Simonneau),18:19,
,20:00,Tactical points offense 5 defense 5
"Alexis Menard - 6:0 Counter-attacks(Kalin Paisiev, Karim Laroche)",23:34,
Kalin Paisiev - 7:0 Counter-attacks(perfect pass Marcel Barbe),33:58,
,34:31,Pulling the goalie
penalty player - Karim Laroche4 on 5,36:54,
,39:25,"Edmunds Bambergs - 7:1 (genius pass Joshua Adams, Ernests Beļavskis)"
,40:00,Tactical points offense 5 defense 5
,42:59,penalty player - Edgars Miķelsons4 on 5
,45:08,Alberts Timanovskis - 7:2 (unassisted)
,46:48,Jurģis Nagrebis - 7:3 rebound(genius pass Ilya Tonkonogov)
25.08 - 21:00,Friendly,HC Jelgava Stars,['team_id=42152'],3:1,['match_id=897316942'],HC Foreign Basterds,['team_id=42470']
Tactical points offense 5 defense 5,00:00,
,02:21,Matthew Becker - 0:1 (Wayne Downs)
,04:02,penalty player - Lukáš Strnad4 on 5
"Vasile Halip - 1:1 (Juris Norītis, Maigonis Ušackis)",12:22,
"Maigonis Ušackis - 2:1 (excellent pass Vladimirs Znotiņš, Juris Norītis)",16:07,
Tactical points offense 5 defense 5,20:00,
,26:55,penalty player - David Horáček4 on 5
"Joshua Adams - 3:1 PP(excellent pass Niks Silmacis, Andris Kraulis)",27:29,
,27:29,Goalie has temporarily lost his confidence in himself
,30:25,Pulling the goalie
,33:26,penalty player - 4 on 5
,40:00,penalty player - Ēriks Kardišs4 on 5
Tactical points offense 5 defense 5,40:00,
,55:56,penalty player - Josh Jewell4 on 5
26.08 - 21:00,Friendly,HC Jelgava Stars,['team_id=42152'],6:0,['match_id=897324247'],HC Pilsen Lions,['team_id=29598']
Tactical points offense 5 defense 5,00:00,
"Vasile Halip - 1:0 (excellent pass Leroy Sizemore, Juris Norītis)",02:16,
penalty player - Atis Zilgalvis4 on 5,03:56,
,12:53,penalty player - Dénes Ott4 on 5
Tactical points offense 5 defense 5,20:00,
Petr Pozhnikov - 2:0 Shots from blue line(perfect pass Ernests Beļavskis),21:21,
"Petr Pozhnikov - 3:0 Shots from blue line(perfect pass Cyrille Boulanger, Ernests Beļavskis)",25:17,
Maigonis Ušackis - 4:0 (unassisted),34:11,
penalty player - Staņislavs Bullītis4 on 5,34:57,
Tactical points offense 5 defense 5,40:00,
penalty player - Juris Norītis4 on 5,45:57,
Atis Zilgalvis - 5:0 (Dennis Ivarsson),50:02,
"Vasile Halip - 6:0 (Karl LoBianco, Maigonis Ušackis)",56:20,
,56:58,penalty player - Toomas Nerro4 on 5
27.08 - 21:00,Playoff,Soda Beņķa Sildītāji,['team_id=28975'],11:3,['match_id=897340455'],HC Jelgava Stars,['team_id=42152']
,00:00,Tactical points offense 5 defense 5
"Blažej Krupka - 1:0 Counter-attacks(Asaf Verman, Ildar Savonov)",02:19,
Blažej Krupka - 2:0 Counter-attacks(genius pass Asaf Verman),07:42,
,10:05,penalty player - Uvis Vakseris4 on 5
"Andris Spītnieks - 3:0 PP (Raymond Michel, Ihnat Naskovich )",10:18,
penalty player - Eric Raymond4 on 5,12:21,
Ildar Savonov - 4:0 (neat pass Blažej Krupka),18:29,
penalty player - Raymond Michel4 on 5,19:26,
penalty player - Ihnat Naskovich 3 on 5,19:52,
,20:00,Aggressiveness +1
,20:00,Tactical points offense 5 defense 5
,20:02,Uvis Vakseris - 4:1 PP(perfect pass Jurģis Nagrebis)
"Ronald Kleinejasper - 5:1 Counter-attacks(genius pass Filip Chvojka, Gustav Lindblad)",22:36,
,22:49,Pulling the goalie
"Gundars Zikmans - 6:1 Counter-attacks(neat pass Gustav Lindblad, Filip Chvojka)",25:16,
,35:46,penalty player - Dzidris Skrastiņš4 on 5
Ihnat Naskovich  - 7:1 PP(unassisted),36:49,
,37:20,Staņislavs Bullītis - 7:2 (neat pass Edgars Miķelsons)
,38:06,Ice time distribution 65/55/45/35
penalty player - Raymond Michel4 on 5,39:45,
,40:00,Tactical points offense 5 defense 5
Blažej Krupka - 8:2 Counter-attacks(Asaf Verman),42:51,
,43:35,penalty player - Jurģis Nagrebis4 on 5
,44:28,penalty player - Ilya Tonkonogov3 on 5
"Andris Spītnieks - 9:2 Counter-attacks(neat pass Eric Raymond, Ihnat Naskovich )",46:44,
"Gundars Zikmans - 10:2 (genius pass Filip Chvojka, Ronald Kleinejasper)",50:32,
"Andris Spītnieks - 11:2 Counter-attacks(Martin Mládek, Raymond Michel)",52:20,
,53:57,penalty player - Ernests Beļavskis4 on 5
,58:18,Folmer Toft - 11:3 (unassisted)
28.08 - 21:00,Playoff,HC Jelgava Stars,['team_id=42152'],6:2,['match_id=897340456'],Soda Beņķa Sildītāji,['team_id=28975']
Tactical points offense 5 defense 5,00:00,
,08:58,penalty player - Andris Spītnieks4 on 5
penalty player - Karl LoBianco4 on 5,11:57,
penalty player - Edgars Miķelsons4 on 5,14:57,
Aggressiveness +1,15:27,
,17:58,penalty player - Atvars Plētnieks4 on 5
,18:22,penalty player - Gustav Lindblad3 on 5
Ernests Beļavskis - 1:0 PP(neat pass Bohuslav Kotrba),19:05,
Tactical points offense 5 defense 5,20:00,
,26:24,penalty player - Gustav Lindblad4 on 5
Atis Zilgalvis - 2:0 PP (Dennis Ivarsson),26:36,
,27:44,"Jurģis Velns - 2:1 Counter-attacks(genius pass Asaf Verman, Izidor Bojsa)"
,30:38,penalty player - Gustav Lindblad4 on 5
"Atis Zilgalvis - 3:1 PP(Vasile Halip, Mário Iván)",30:49,
"Joshua Adams - 4:1 Counter-attacks(excellent pass Bohuslav Kotrba, Ernests Beļavskis)",34:08,
penalty player - Mário Iván4 on 5,36:46,
Tactical points offense 5 defense 5,40:00,
,47:59,penalty player - Edgars Valters4 on 5
"Vasile Halip - 5:1 PP (Dennis Ivarsson, Ilya Tonkonogov)",48:12,
Edgars Miķelsons - 6:1 Counter-attacks(unassisted),51:25,
penalty player - Atis Zilgalvis4 on 5,52:11,
,55:38,"Raymond Michel - 6:2 Counter-attacks(perfect pass Eric Raymond, Ihnat Naskovich )"
Pulling the goalie,56:13,
penalty player - Staņislavs Bullītis4 on 5,57:15,
,60:00,penalty player - Kristijan Pujac4 on 5
